Season,Pos,team,GP,W,D,L,GF,GA,GD,PTS
1950,1,Tottenham Hotspur,42,25,10,7,82,44,38,85
1950,2,Manchester United,42,24,8,10,74,40,34,80
1950,3,Blackpool,42,20,10,12,79,53,26,70
1950,4,Newcastle United,42,18,13,11,62,53,9,67
1950,5,Arsenal,42,19,9,14,73,56,17,66
1950,6,Middlesbrough,42,18,11,13,76,65,11,65
1950,7,Bolton Wanderers,42,19,7,16,64,61,3,64
1950,8,Portsmouth,42,16,15,11,71,68,3,63
1950,9,Liverpool,42,16,11,15,53,59,-6,59
1950,10,Derby County,42,16,8,18,81,75,6,56
1950,11,Burnley,42,14,14,14,48,43,5,56
1950,12,Wolverhampton Wanderers,42,15,8,19,74,61,13,53
1950,13,Stoke City,42,13,14,15,50,59,-9,53
1950,14,Sunderland,42,12,16,14,63,73,-10,52
1950,15,Charlton Athletic,42,14,9,19,63,80,-17,51
1950,16,Huddersfield Town,42,15,6,21,64,92,-28,51
1950,17,West Bromwich Albion,42,13,11,18,53,61,-8,50
1950,18,Fulham,42,13,11,18,52,68,-16,50
1950,19,Aston Villa,42,12,13,17,66,68,-2,49
1950,20,Chelsea,42,12,8,22,53,65,-12,44
1950,21,Sheffield Wednesday,42,12,8,22,64,83,-19,44
1950,22,Everton,42,12,8,22,48,86,-38,44
1951,1,Manchester United,42,23,11,8,95,52,43,80
1951,2,Tottenham Hotspur,42,22,9,11,76,51,25,75
1951,3,Arsenal,42,21,11,10,80,61,19,74
1951,4,Portsmouth,42,20,8,14,68,58,10,68
1951,5,Bolton Wanderers,42,19,10,13,65,61,4,67
1951,6,Aston Villa,42,19,9,14,79,70,9,66
1951,7,Newcastle United,42,18,9,15,98,73,25,63
1951,8,Preston North End,42,17,12,13,74,54,20,63
1951,9,Blackpool,42,18,9,15,64,64,0,63
1951,10,Charlton Athletic,42,17,10,15,68,63,5,61
1951,11,Sunderland,42,15,12,15,70,61,9,57
1951,12,West Bromwich Albion,42,14,13,15,74,77,-3,55
1951,13,Liverpool,42,12,19,11,57,61,-4,55
1951,14,Burnley,42,15,10,17,56,63,-7,55
1951,15,Manchester City,42,13,13,16,58,61,-3,52
1951,16,Derby County,42,15,7,20,63,80,-17,52
1951,17,Middlesbrough,42,15,6,21,64,88,-24,51
1951,18,Wolverhampton Wanderers,42,12,14,16,73,73,0,50
1951,19,Chelsea,42,14,8,20,52,72,-20,50
1951,20,Stoke City,42,12,7,23,49,88,-39,43
1951,21,Huddersfield Town,42,10,8,24,49,82,-33,38
1951,22,Fulham,42,8,11,23,58,77,-19,35
1952,1,Arsenal,42,21,12,9,97,64,33,75
1952,2,Preston North End,42,21,12,9,85,60,25,75
1952,3,West Bromwich Albion,42,21,8,13,66,60,6,71
1952,4,Wolverhampton Wanderers,42,19,13,10,86,63,23,70
1952,5,Charlton Athletic,42,19,11,12,77,63,14,68
1952,6,Burnley,42,18,12,12,67,52,15,66
1952,7,Blackpool,42,19,9,14,71,70,1,66
1952,8,Manchester United,42,18,10,14,69,72,-3,64
1952,9,Sunderland,42,15,13,14,68,82,-14,58
1952,10,Tottenham Hotspur,42,15,11,16,78,69,9,56
1952,11,Aston Villa,42,14,13,15,63,61,2,55
1952,12,Cardiff City,42,14,12,16,54,46,8,54
1952,13,Bolton Wanderers,42,15,9,18,61,69,-8,54
1952,14,Middlesbrough,42,14,11,17,70,77,-7,53
1952,15,Portsmouth,42,14,10,18,74,83,-9,52
1952,16,Newcastle United,42,14,9,19,59,70,-11,51
1952,17,Liverpool,42,14,8,20,61,82,-21,50
1952,18,Manchester City,42,14,7,21,72,87,-15,49
1952,19,Sheffield Wednesday,42,12,11,19,62,72,-10,47
1952,20,Chelsea,42,12,11,19,56,66,-10,47
1952,21,Stoke City,42,12,10,20,53,66,-13,46
1952,22,Derby County,42,11,10,21,59,74,-15,43
1953,1,Wolverhampton Wanderers,42,25,7,10,96,56,40,82
1953,2,West Bromwich Albion,42,22,9,11,86,63,23,75
1953,3,Huddersfield Town,42,20,11,11,78,61,17,71
1953,4,Blackpool,42,19,10,13,80,69,11,67
1953,5,Burnley,42,21,4,17,78,67,11,67
1953,6,Bolton Wanderers,42,18,12,12,75,60,15,66
1953,7,Manchester United,42,18,12,12,73,58,15,66
1953,8,Charlton Athletic,42,19,6,17,75,77,-2,63
1953,9,Preston North End,42,19,5,18,87,58,29,62
1953,10,Cardiff City,42,18,8,16,51,71,-20,62
1953,11,Chelsea,42,16,12,14,74,68,6,60
1953,12,Arsenal,42,15,13,14,75,73,2,58
1953,13,Aston Villa,42,16,9,17,70,68,2,57
1953,14,Portsmouth,42,14,11,17,81,89,-8,53
1953,15,Tottenham Hotspur,42,16,5,21,65,76,-11,53
1953,16,Newcastle United,42,14,10,18,72,77,-5,52
1953,17,Manchester City,42,14,9,19,62,77,-15,51
1953,18,Sheffield Wednesday,42,15,6,21,70,91,-21,51
1953,19,Sunderland,42,14,8,20,81,89,-8,50
1953,20,Sheffield United,42,11,11,20,69,90,-21,44
1953,21,Middlesbrough,42,10,10,22,60,91,-31,40
1953,22,Liverpool,42,9,10,23,68,97,-29,37
1954,1,Chelsea,42,20,12,10,81,57,24,72
1954,2,Wolverhampton Wanderers,42,19,10,13,89,70,19,67
1954,3,Manchester United,42,20,7,15,84,74,10,67
1954,4,Aston Villa,42,20,7,15,72,73,-1,67
1954,5,Portsmouth,42,18,12,12,74,62,12,66
1954,6,Manchester City,42,18,10,14,76,69,7,64
1954,7,Sunderland,42,15,18,9,64,54,10,63
1954,8,Newcastle United,42,17,9,16,89,77,12,60
1954,9,Arsenal,42,17,9,16,69,63,6,60
1954,10,Burnley,42,17,9,16,51,48,3,60
1954,11,Everton,42,16,10,16,62,68,-6,58
1954,12,Sheffield United,42,17,7,18,70,86,-16,58
1954,13,Preston North End,42,16,8,18,83,64,19,56
1954,14,Tottenham Hotspur,42,16,8,18,72,73,-1,56
1954,15,West Bromwich Albion,42,16,8,18,76,96,-20,56
1954,16,Charlton Athletic,42,15,10,17,76,75,1,55
1954,17,Huddersfield Town,42,14,13,15,63,68,-5,55
1954,18,Blackpool,42,14,10,18,60,64,-4,52
1954,19,Bolton Wanderers,42,13,13,16,62,69,-7,52
1954,20,Cardiff City,42,13,11,18,62,76,-14,50
1954,21,Leicester City,42,12,11,19,74,86,-12,47
1954,22,Sheffield Wednesday,42,8,10,24,63,100,-37,34
1955,1,Manchester United,42,25,10,7,83,51,32,85
1955,2,Wolverhampton Wanderers,42,20,9,13,89,65,24,69
1955,3,Blackpool,42,20,9,13,86,62,24,69
1955,4,Manchester City,42,18,10,14,82,69,13,64
1955,5,Arsenal,42,18,10,14,60,61,-1,64
1955,6,Birmingham City,42,18,9,15,75,57,18,63
1955,7,Burnley,42,18,8,16,64,54,10,62
1955,8,Bolton Wanderers,42,18,7,17,71,58,13,61
1955,9,Sunderland,42,17,9,16,80,95,-15,60
1955,10,Luton Town,42,17,8,17,66,64,2,59
1955,11,West Bromwich Albion,42,18,5,19,58,70,-12,59
1955,12,Newcastle United,42,17,7,18,85,70,15,58
1955,13,Charlton Athletic,42,17,6,19,75,81,-6,57
1955,14,Portsmouth,42,16,9,17,78,85,-7,57
1955,15,Everton,42,15,10,17,55,69,-14,55
1955,16,Cardiff City,42,15,9,18,55,69,-14,54
1955,17,Chelsea,42,14,11,17,64,77,-13,53
1955,18,Tottenham Hotspur,42,15,7,20,61,71,-10,52
1955,19,Preston North End,42,14,8,20,73,72,1,50
1955,20,Huddersfield Town,42,14,7,21,54,83,-29,49
1955,21,Aston Villa,42,11,13,18,52,69,-17,46
1955,22,Sheffield United,42,12,9,21,63,77,-14,45
1956,1,Manchester United,42,28,8,6,103,54,49,92
1956,2,Preston North End,42,23,10,9,84,56,28,79
1956,3,Tottenham Hotspur,42,22,12,8,104,56,48,78
1956,4,Blackpool,42,22,9,11,93,65,28,75
1956,5,Arsenal,42,21,8,13,85,69,16,71
1956,6,Wolverhampton Wanderers,42,20,8,14,94,70,24,68
1956,7,Burnley,42,18,10,14,56,50,6,64
1956,8,Bolton Wanderers,42,16,12,14,65,65,0,60
1956,9,Leeds United,42,15,14,13,72,63,9,59
1956,10,Aston Villa,42,14,15,13,65,55,10,57
1956,11,West Bromwich Albion,42,14,14,14,59,61,-2,56
1956,12,Birmingham City,42,15,9,18,69,69,0,54
1956,13,Sheffield Wednesday,42,16,6,20,82,88,-6,54
1956,14,Chelsea,42,13,13,16,73,73,0,52
1956,15,Everton,42,14,10,18,61,79,-18,52
1956,16,Luton Town,42,14,9,19,58,76,-18,51
1956,17,Newcastle United,42,14,8,20,67,87,-20,50
1956,18,Manchester City,42,13,9,20,78,88,-10,48
1956,19,Sunderland,42,12,8,22,67,88,-21,44
1956,20,Portsmouth,42,10,13,19,62,92,-30,43
1956,21,Cardiff City,42,10,9,23,53,88,-35,39
1956,22,Charlton Athletic,42,9,4,29,62,120,-58,31
1957,1,Wolverhampton Wanderers,42,28,8,6,103,47,56,92
1957,2,Preston North End,42,26,7,9,100,51,49,85
1957,3,Tottenham Hotspur,42,21,9,12,93,77,16,72
1957,4,Manchester City,42,22,5,15,104,100,4,71
1957,5,West Bromwich Albion,42,18,14,10,92,70,22,68
1957,6,Burnley,42,21,5,16,80,74,6,68
1957,7,Blackpool,42,19,6,17,80,67,13,63
1957,8,Luton Town,42,19,6,17,69,63,6,63
1957,9,Manchester United,42,16,11,15,85,75,10,59
1957,10,Nottingham Forest,42,16,10,16,69,63,6,58
1957,11,Chelsea,42,15,12,15,83,79,4,57
1957,12,Arsenal,42,16,7,19,73,85,-12,55
1957,13,Aston Villa,42,16,7,19,73,86,-13,55
1957,14,Birmingham City,42,14,11,17,76,89,-13,53
1957,15,Bolton Wanderers,42,14,10,18,65,87,-22,52
1957,16,Leeds United,42,14,9,19,51,63,-12,51
1957,17,Everton,42,13,11,18,65,75,-10,50
1957,18,Leicester City,42,14,5,23,91,112,-21,47
1957,19,Newcastle United,42,12,8,22,73,81,-8,44
1957,20,Portsmouth,42,12,8,22,73,88,-15,44
1957,21,Sheffield Wednesday,42,12,7,23,69,92,-23,43
1957,22,Sunderland,42,10,12,20,54,97,-43,42
1958,1,Wolverhampton Wanderers,42,28,5,9,110,49,61,89
1958,2,Manchester United,42,24,7,11,103,66,37,79
1958,3,Arsenal,42,21,8,13,88,68,20,71
1958,4,Bolton Wanderers,42,20,10,12,79,66,13,70
1958,5,West Ham United,42,21,6,15,85,70,15,69
1958,6,West Bromwich Albion,42,18,13,11,88,68,20,67
1958,7,Burnley,42,19,10,13,81,70,11,67
1958,8,Birmingham City,42,20,6,16,84,68,16,66
1958,9,Blackpool,42,18,11,13,66,49,17,65
1958,10,Blackburn Rovers,42,17,10,15,76,70,6,61
1958,11,Newcastle United,42,17,7,18,80,80,0,58
1958,12,Preston North End,42,17,7,18,70,77,-7,58
1958,13,Chelsea,42,18,4,20,77,98,-21,58
1958,14,Nottingham Forest,42,17,6,19,71,74,-3,57
1958,15,Everton,42,17,4,21,71,87,-16,55
1958,16,Leeds United,42,15,9,18,57,74,-17,54
1958,17,Luton Town,42,12,13,17,68,71,-3,49
1958,18,Tottenham Hotspur,42,13,10,19,85,95,-10,49
1958,19,Leicester City,42,11,10,21,67,98,-31,43
1958,20,Manchester City,42,11,9,22,64,95,-31,42
1958,21,Aston Villa,42,11,8,23,58,87,-29,41
1958,22,Portsmouth,42,6,9,27,64,112,-48,27
1959,1,Burnley,42,24,7,11,85,61,24,79
1959,2,Wolverhampton Wanderers,42,24,6,12,106,67,39,78
1959,3,Tottenham Hotspur,42,21,11,10,86,50,36,74
1959,4,West Bromwich Albion,42,19,11,12,83,57,26,68
1959,5,Sheffield Wednesday,42,19,11,12,80,59,21,68
1959,6,Bolton Wanderers,42,20,8,14,59,51,8,68
1959,7,Manchester United,42,19,7,16,102,80,22,64
1959,8,Newcastle United,42,18,8,16,82,78,4,62
1959,9,Fulham,42,17,10,15,73,80,-7,61
1959,10,Preston North End,42,16,12,14,79,76,3,60
1959,11,Blackpool,42,15,10,17,59,71,-12,55
1959,12,Manchester City,42,17,3,22,78,84,-6,54
1959,13,Arsenal,42,15,9,18,68,80,-12,54
1959,14,West Ham United,42,16,6,20,75,91,-16,54
1959,15,Blackburn Rovers,42,16,5,21,60,70,-10,53
1959,16,Leicester City,42,13,13,16,66,75,-9,52
1959,17,Chelsea,42,14,9,19,76,91,-15,51
1959,18,Everton,42,13,11,18,73,78,-5,50
1959,19,Birmingham City,42,13,10,19,63,80,-17,49
1959,20,Nottingham Forest,42,13,9,20,50,74,-24,48
1959,21,Leeds United,42,12,10,20,65,92,-27,46
1959,22,Luton Town,42,9,12,21,50,73,-23,39
1960,1,Tottenham Hotspur,42,31,4,7,115,55,60,97
1960,2,Wolverhampton Wanderers,42,25,7,10,103,75,28,82
1960,3,Sheffield Wednesday,42,23,12,7,78,47,31,81
1960,4,Burnley,42,22,7,13,102,77,25,73
1960,5,Everton,42,22,6,14,87,69,18,72
1960,6,Leicester City,42,18,9,15,87,70,17,63
1960,7,Manchester United,42,18,9,15,88,76,12,63
1960,8,Aston Villa,42,17,9,16,78,77,1,60
1960,9,West Bromwich Albion,42,18,5,19,67,71,-4,59
1960,10,Blackburn Rovers,42,15,13,14,77,76,1,58
1960,11,Arsenal,42,15,11,16,77,85,-8,56
1960,12,Chelsea,42,15,7,20,98,100,-2,52
1960,13,Nottingham Forest,42,14,9,19,62,78,-16,51
1960,14,Manchester City,42,13,11,18,79,90,-11,50
1960,15,Fulham,42,14,8,20,72,95,-23,50
1960,16,Cardiff City,42,13,11,18,60,85,-25,50
1960,17,West Ham United,42,13,10,19,77,88,-11,49
1960,18,Birmingham City,42,14,6,22,62,84,-22,48
1960,19,Bolton Wanderers,42,12,11,19,58,73,-15,47
1960,20,Blackpool,42,12,9,21,68,73,-5,45
1960,21,Newcastle United,42,11,10,21,86,109,-23,43
1960,22,Preston North End,42,10,10,22,43,71,-28,40
1961,1,Ipswich Town,42,24,8,10,93,67,26,80
1961,2,Burnley,42,21,11,10,101,67,34,74
1961,3,Tottenham Hotspur,42,21,10,11,88,69,19,73
1961,4,Everton,42,20,11,11,88,54,34,71
1961,5,Sheffield Wednesday,42,20,6,16,72,58,14,66
1961,6,Sheffield United,42,19,9,14,61,69,-8,66
1961,7,Aston Villa,42,18,8,16,65,56,9,62
1961,8,West Ham United,42,17,10,15,76,82,-6,61
1961,9,Arsenal,42,16,11,15,71,72,-1,59
1961,10,West Bromwich Albion,42,15,13,14,83,67,16,58
1961,11,Manchester City,42,17,7,18,78,81,-3,58
1961,12,Bolton Wanderers,42,16,10,16,62,66,-4,58
1961,13,Leicester City,42,17,6,19,72,71,1,57
1961,14,Blackpool,42,15,11,16,70,75,-5,56
1961,15,Manchester United,42,15,9,18,72,75,-3,54
1961,16,Blackburn Rovers,42,14,11,17,50,58,-8,53
1961,17,Birmingham City,42,14,10,18,65,81,-16,52
1961,18,Wolverhampton Wanderers,42,13,10,19,73,86,-13,49
1961,19,Nottingham Forest,42,13,10,19,63,79,-16,49
1961,20,Fulham,42,13,7,22,66,74,-8,46
1961,21,Cardiff City,42,9,14,19,50,81,-31,41
1961,22,Chelsea,42,9,10,23,63,94,-31,37
1962,1,Everton,42,25,11,6,84,42,42,86
1962,2,Tottenham Hotspur,42,23,9,10,111,62,49,78
1962,3,Burnley,42,22,10,10,78,57,21,76
1962,4,Leicester City,42,20,12,10,79,53,26,72
1962,5,Wolverhampton Wanderers,42,20,10,12,93,65,28,70
1962,6,Sheffield Wednesday,42,19,10,13,77,63,14,67
1962,7,Arsenal,42,18,10,14,86,77,9,64
1962,8,Liverpool,42,17,10,15,71,59,12,61
1962,9,Nottingham Forest,42,17,10,15,67,69,-2,61
1962,10,Sheffield United,42,16,12,14,58,60,-2,60
1962,11,Blackburn Rovers,42,15,12,15,79,71,8,57
1962,12,West Bromwich Albion,42,16,7,19,71,79,-8,55
1962,13,West Ham United,42,14,12,16,73,69,4,54
1962,14,Aston Villa,42,15,8,19,62,68,-6,53
1962,15,Blackpool,42,13,14,15,58,64,-6,53
1962,16,Fulham,42,14,10,18,50,71,-21,52
1962,17,Bolton Wanderers,42,15,5,22,55,75,-20,50
1962,18,Ipswich Town,42,12,11,19,59,78,-19,47
1962,19,Manchester United,42,12,10,20,67,81,-14,46
1962,20,Birmingham City,42,10,13,19,63,90,-27,43
1962,21,Manchester City,42,10,11,21,58,102,-44,41
1962,22,Leyton Orient,42,6,9,27,37,81,-44,27
1963,1,Liverpool,42,26,5,11,92,45,47,83
1963,2,Manchester United,42,23,7,12,90,62,28,76
1963,3,Everton,42,21,10,11,84,64,20,73
1963,4,Tottenham Hotspur,42,22,7,13,97,81,16,73
1963,5,Chelsea,42,20,10,12,72,56,16,70
1963,6,Sheffield Wednesday,42,19,11,12,84,67,17,68
1963,7,Blackburn Rovers,42,18,10,14,89,65,24,64
1963,8,Arsenal,42,17,11,14,90,82,8,62
1963,9,Burnley,42,17,10,15,71,64,7,61
1963,10,West Bromwich Albion,42,16,11,15,70,61,9,59
1963,11,Leicester City,42,16,11,15,61,58,3,59
1963,12,Sheffield United,42,16,11,15,61,64,-3,59
1963,13,Nottingham Forest,42,16,9,17,64,68,-4,57
1963,14,West Ham United,42,14,12,16,69,74,-5,54
1963,15,Stoke City,42,14,10,18,77,78,-1,52
1963,16,Fulham,42,13,13,16,58,65,-7,52
1963,17,Wolverhampton Wanderers,42,12,15,15,70,80,-10,51
1963,18,Blackpool,42,13,9,20,52,73,-21,48
1963,19,Aston Villa,42,11,12,19,62,71,-9,45
1963,20,Birmingham City,42,11,7,24,54,92,-38,40
1963,21,Bolton Wanderers,42,10,8,24,48,80,-32,38
1963,22,Ipswich Town,42,9,7,26,56,121,-65,34
1964,1,Manchester United,42,26,9,7,89,39,50,87
1964,2,Leeds United,42,26,9,7,83,52,31,87
1964,3,Chelsea,42,24,8,10,89,54,35,80
1964,4,Everton,42,17,15,10,69,60,9,66
1964,5,Tottenham Hotspur,42,19,7,16,87,71,16,64
1964,6,Nottingham Forest,42,17,13,12,71,67,4,64
1964,7,West Ham United,42,19,4,19,82,71,11,61
1964,8,Liverpool,42,17,10,15,67,73,-6,61
1964,9,Sheffield Wednesday,42,16,11,15,57,55,2,59
1964,10,Blackburn Rovers,42,16,10,16,83,79,4,58
1964,11,Stoke City,42,16,10,16,67,66,1,58
1964,12,Burnley,42,16,10,16,70,70,0,58
1964,13,Arsenal,42,17,7,18,69,75,-6,58
1964,14,Aston Villa,42,16,5,21,57,82,-25,53
1964,15,West Bromwich Albion,42,13,13,16,70,65,5,52
1964,16,Sunderland,42,14,9,19,64,74,-10,51
1964,17,Blackpool,42,12,11,19,67,78,-11,47
1964,18,Sheffield United,42,12,11,19,50,64,-14,47
1964,19,Leicester City,42,11,13,18,69,85,-16,46
1964,20,Fulham,42,11,12,19,60,78,-18,45
1964,21,Wolverhampton Wanderers,42,13,4,25,59,89,-30,43
1964,22,Birmingham City,42,8,11,23,64,96,-32,35
1965,1,Liverpool,42,26,9,7,79,34,45,87
1965,2,Burnley,42,24,7,11,79,47,32,79
1965,3,Leeds United,42,23,9,10,79,38,41,78
1965,4,Chelsea,42,22,7,13,65,53,12,73
1965,5,Leicester City,42,21,7,14,80,65,15,70
1965,6,Manchester United,42,18,15,9,84,59,25,69
1965,7,West Bromwich Albion,42,19,12,11,91,69,22,69
1965,8,Tottenham Hotspur,42,16,12,14,75,66,9,60
1965,9,Sheffield United,42,16,11,15,56,59,-3,59
1965,10,Stoke City,42,15,12,15,65,64,1,57
1965,11,Everton,42,15,11,16,56,62,-6,56
1965,12,West Ham United,42,15,9,18,70,83,-13,54
1965,13,Blackpool,42,14,9,19,55,65,-10,51
1965,14,Aston Villa,42,15,6,21,69,80,-11,51
1965,15,Newcastle United,42,14,9,19,50,63,-13,51
1965,16,Sheffield Wednesday,42,14,8,20,56,66,-10,50
1965,17,Nottingham Forest,42,14,8,20,56,72,-16,50
1965,18,Sunderland,42,14,8,20,51,72,-21,50
1965,19,Arsenal,42,12,13,17,62,75,-13,49
1965,20,Fulham,42,14,7,21,67,85,-18,49
1965,21,Northampton Town,42,10,13,19,55,92,-37,43
1965,22,Blackburn Rovers,42,8,4,30,57,88,-31,28
1966,1,Manchester United,42,24,12,6,84,45,39,84
1966,2,Tottenham Hotspur,42,24,8,10,71,48,23,80
1966,3,Nottingham Forest,42,23,10,9,64,41,23,79
1966,4,Leeds United,42,22,11,9,62,42,20,77
1966,5,Liverpool,42,19,13,10,64,47,17,70
1966,6,Everton,42,19,10,13,65,46,19,67
1966,7,Arsenal,42,16,14,12,58,47,11,62
1966,8,Leicester City,42,18,8,16,78,71,7,62
1966,9,Chelsea,42,15,14,13,67,62,5,59
1966,10,Stoke City,42,17,7,18,63,58,5,58
1966,11,Sheffield United,42,16,10,16,52,59,-7,58
1966,12,Sheffield Wednesday,42,14,13,15,56,47,9,55
1966,13,West Bromwich Albion,42,16,7,19,77,73,4,55
1966,14,Burnley,42,15,9,18,66,76,-10,54
1966,15,Manchester City,42,12,15,15,43,52,-9,51
1966,16,West Ham United,42,14,8,20,80,84,-4,50
1966,17,Sunderland,42,14,8,20,58,72,-14,50
1966,18,Southampton,42,14,6,22,74,92,-18,48
1966,19,Fulham,42,11,12,19,71,83,-12,45
1966,20,Newcastle United,42,12,9,21,39,81,-42,45
1966,21,Aston Villa,42,11,7,24,54,85,-31,40
1966,22,Blackpool,42,6,9,27,41,76,-35,27
1967,1,Manchester City,42,26,6,10,86,43,43,84
1967,2,Manchester United,42,24,8,10,89,55,34,80
1967,3,Liverpool,42,22,11,9,71,40,31,77
1967,4,Leeds United,42,22,9,11,71,41,30,75
1967,5,Everton,42,23,6,13,67,40,27,75
1967,6,Tottenham Hotspur,42,19,9,14,70,59,11,66
1967,7,Chelsea,42,18,12,12,62,68,-6,66
1967,8,West Bromwich Albion,42,17,12,13,75,62,13,63
1967,9,Arsenal,42,17,10,15,60,56,4,61
1967,10,Newcastle United,42,13,15,14,54,67,-13,54
1967,11,Nottingham Forest,42,14,11,17,52,64,-12,53
1967,12,West Ham United,42,14,10,18,73,69,4,52
1967,13,Burnley,42,14,10,18,64,71,-7,52
1967,14,Leicester City,42,13,12,17,64,69,-5,51
1967,15,Wolverhampton Wanderers,42,14,8,20,66,75,-9,50
1967,16,Sunderland,42,13,11,18,51,61,-10,50
1967,17,Southampton,42,13,11,18,66,83,-17,50
1967,18,Stoke City,42,14,7,21,50,73,-23,49
1967,19,Sheffield Wednesday,42,11,12,19,51,63,-12,45
1967,20,Sheffield United,42,11,10,21,49,70,-21,43
1967,21,Coventry City,42,9,15,18,51,71,-20,42
1967,22,Fulham,42,10,7,25,56,98,-42,37
1968,1,Leeds United,42,27,13,2,66,26,40,94
1968,2,Liverpool,42,25,11,6,63,24,39,86
1968,3,Everton,42,21,15,6,77,36,41,78
1968,4,Arsenal,42,22,12,8,56,27,29,78
1968,5,Chelsea,42,20,10,12,73,53,20,70
1968,6,Southampton,42,16,13,13,57,48,9,61
1968,7,Tottenham Hotspur,42,14,17,11,61,51,10,59
1968,8,Newcastle United,42,15,14,13,61,55,6,59
1968,9,West Bromwich Albion,42,16,11,15,64,67,-3,59
1968,10,West Ham United,42,13,18,11,66,50,16,57
1968,11,Manchester United,42,15,12,15,57,53,4,57
1968,12,Ipswich Town,42,15,11,16,59,60,-1,56
1968,13,Manchester City,42,15,10,17,64,55,9,55
1968,14,Burnley,42,15,9,18,55,82,-27,54
1968,15,Sheffield Wednesday,42,10,16,16,41,54,-13,46
1968,16,Wolverhampton Wanderers,42,10,15,17,41,58,-17,45
1968,17,Sunderland,42,11,12,19,43,67,-24,45
1968,18,Nottingham Forest,42,10,13,19,45,57,-12,43
1968,19,Stoke City,42,9,15,18,40,63,-23,42
1968,20,Coventry City,42,10,11,21,46,64,-18,41
1968,21,Leicester City,42,9,12,21,39,68,-29,39
1968,22,Queens Park Rangers,42,4,10,28,39,95,-56,22
1969,1,Everton,42,29,8,5,72,34,38,95
1969,2,Leeds United,42,21,15,6,84,49,35,78
1969,3,Chelsea,42,21,13,8,70,50,20,76
1969,4,Derby County,42,22,9,11,64,37,27,75
1969,5,Liverpool,42,20,11,11,65,42,23,71
1969,6,Coventry City,42,19,11,12,58,48,10,68
1969,7,Newcastle United,42,17,13,12,57,35,22,64
1969,8,Stoke City,42,15,15,12,56,52,4,60
1969,9,Tottenham Hotspur,42,17,9,16,54,55,-1,60
1969,10,Manchester City,42,16,11,15,55,48,7,59
1969,11,Manchester United,42,14,17,11,66,61,5,59
1969,12,Arsenal,42,12,18,12,51,49,2,54
1969,13,Wolverhampton Wanderers,42,12,16,14,55,57,-2,52
1969,14,Burnley,42,12,15,15,56,61,-5,51
1969,15,West Bromwich Albion,42,14,9,19,58,66,-8,51
1969,16,West Ham United,42,12,12,18,51,60,-9,48
1969,17,Nottingham Forest,42,10,18,14,50,71,-21,48
1969,18,Ipswich Town,42,10,11,21,40,63,-23,41
1969,19,Southampton,42,6,17,19,46,67,-21,35
1969,20,Sheffield Wednesday,42,8,9,25,40,71,-31,33
1969,21,Crystal Palace,42,6,15,21,34,68,-34,33
1969,22,Sunderland,42,6,14,22,30,68,-38,32
1970,1,Arsenal,42,29,7,6,71,29,42,94
1970,2,Leeds United,42,27,10,5,72,30,42,91
1970,3,Wolverhampton Wanderers,42,22,8,12,64,54,10,74
1970,4,Tottenham Hotspur,42,19,14,9,54,33,21,71
1970,5,Chelsea,42,18,15,9,52,42,10,69
1970,6,Liverpool,42,17,17,8,42,24,18,68
1970,7,Southampton,42,17,12,13,56,44,12,63
1970,8,Manchester United,42,16,11,15,65,66,-1,59
1970,9,Derby County,42,16,10,16,56,54,2,58
1970,10,Coventry City,42,16,10,16,37,38,-1,58
1970,11,Newcastle United,42,14,13,15,44,46,-2,55
1970,12,Manchester City,42,12,17,13,47,42,5,53
1970,13,Nottingham Forest,42,14,8,20,42,61,-19,50
1970,14,Stoke City,42,12,13,17,44,48,-4,49
1970,15,Everton,42,12,13,17,54,60,-6,49
1970,16,Huddersfield Town,42,11,14,17,40,49,-9,47
1970,17,Crystal Palace,42,12,11,19,39,57,-18,47
1970,18,Ipswich Town,42,12,10,20,42,48,-6,46
1970,19,West Bromwich Albion,42,10,15,17,58,75,-17,45
1970,20,West Ham United,42,10,14,18,47,60,-13,44
1970,21,Burnley,42,7,13,22,29,63,-34,34
1970,22,Blackpool,42,4,15,23,34,66,-32,27
1971,1,Derby County,42,24,10,8,69,33,36,82
1971,2,Leeds United,42,24,9,9,73,31,42,81
1971,3,Liverpool,42,24,9,9,64,30,34,81
1971,4,Manchester City,42,23,11,8,77,45,32,80
1971,5,Arsenal,42,22,8,12,58,40,18,74
1971,6,Tottenham Hotspur,42,19,13,10,63,42,21,70
1971,7,Manchester United,42,19,10,13,69,61,8,67
1971,8,Chelsea,42,18,12,12,58,49,9,66
1971,9,Wolverhampton Wanderers,42,18,11,13,65,57,8,65
1971,10,Sheffield United,42,17,12,13,61,60,1,63
1971,11,Newcastle United,42,15,11,16,49,52,-3,56
1971,12,Leicester City,42,13,13,16,41,46,-5,52
1971,13,Ipswich Town,42,11,16,15,39,53,-14,49
1971,14,West Ham United,42,12,12,18,47,51,-4,48
1971,15,West Bromwich Albion,42,12,11,19,42,54,-12,47
1971,16,Everton,42,9,18,15,37,48,-11,45
1971,17,Stoke City,42,10,15,17,39,56,-17,45
1971,18,Southampton,42,12,7,23,52,80,-28,43
1971,19,Coventry City,42,9,15,18,44,67,-23,42
1971,20,Crystal Palace,42,8,13,21,39,65,-26,37
1971,21,Nottingham Forest,42,8,9,25,47,81,-34,33
1971,22,Huddersfield Town,42,6,13,23,27,59,-32,31
1972,1,Liverpool,42,25,10,7,72,42,30,85
1972,2,Arsenal,42,23,11,8,57,43,14,80
1972,3,Leeds United,42,21,11,10,71,45,26,74
1972,4,Wolverhampton Wanderers,42,18,11,13,66,54,12,65
1972,5,Ipswich Town,42,17,14,11,55,45,10,65
1972,6,Derby County,42,19,8,15,56,54,2,65
1972,7,West Ham United,42,17,12,13,67,53,14,63
1972,8,Tottenham Hotspur,42,16,13,13,58,48,10,61
1972,9,Newcastle United,42,16,13,13,60,51,9,61
1972,10,Birmingham City,42,15,12,15,53,54,-1,57
1972,11,Manchester City,42,15,11,16,57,60,-3,56
1972,12,Sheffield United,42,15,10,17,51,59,-8,55
1972,13,Chelsea,42,13,14,15,49,51,-2,53
1972,14,Stoke City,42,14,10,18,61,56,5,52
1972,15,Southampton,42,11,18,13,47,52,-5,51
1972,16,Everton,42,13,11,18,41,49,-8,50
1972,17,Manchester United,42,12,13,17,44,60,-16,49
1972,18,Coventry City,42,13,9,20,40,55,-15,48
1972,19,Leicester City,42,10,17,15,40,46,-6,47
1972,20,Norwich City,42,11,10,21,36,63,-27,43
1972,21,Crystal Palace,42,9,12,21,41,58,-17,39
1972,22,West Bromwich Albion,42,9,10,23,38,62,-24,37
1973,1,Leeds United,42,24,14,4,66,31,35,86
1973,2,Liverpool,42,22,13,7,52,31,21,79
1973,3,Derby County,42,17,14,11,52,42,10,65
1973,4,Ipswich Town,42,18,11,13,67,58,9,65
1973,5,Burnley,42,16,14,12,56,53,3,62
1973,6,Stoke City,42,15,16,11,54,42,12,61
1973,7,Everton,42,16,12,14,50,48,2,60
1973,8,Queens Park Rangers,42,13,17,12,56,52,4,56
1973,9,Arsenal,42,14,14,14,49,51,-2,56
1973,10,Tottenham Hotspur,42,14,14,14,45,50,-5,56
1973,11,Leicester City,42,13,16,13,51,41,10,55
1973,12,Wolverhampton Wanderers,42,13,15,14,49,49,0,54
1973,13,Sheffield United,42,14,12,16,44,49,-5,54
1973,14,Manchester City,42,14,12,16,39,46,-7,54
1973,15,Coventry City,42,14,10,18,43,54,-11,52
1973,16,Newcastle United,42,13,12,17,49,48,1,51
1973,17,Chelsea,42,12,13,17,56,60,-4,49
1973,18,Birmingham City,42,12,13,17,52,64,-12,49
1973,19,West Ham United,42,11,15,16,55,60,-5,48
1973,20,Southampton,42,11,14,17,47,68,-21,47
1973,21,Manchester United,42,10,12,20,38,48,-10,42
1973,22,Norwich City,42,7,15,20,37,62,-25,36
1974,1,Ipswich Town,42,23,5,14,66,44,22,74
1974,2,Derby County,42,21,11,10,67,49,18,74
1974,3,Liverpool,42,20,11,11,60,39,21,71
1974,4,Sheffield United,42,18,13,11,58,51,7,67
1974,5,Stoke City,42,17,15,10,64,48,16,66
1974,6,Everton,42,16,18,8,56,42,14,66
1974,7,Middlesbrough,42,18,12,12,54,40,14,66
1974,8,Manchester City,42,18,10,14,54,54,0,64
1974,9,Burnley,42,17,11,14,68,67,1,62
1974,10,Leeds United,42,16,13,13,57,49,8,61
1974,11,Queens Park Rangers,42,16,10,16,54,54,0,58
1974,12,Newcastle United,42,15,9,18,59,72,-13,54
1974,13,Wolverhampton Wanderers,42,14,11,17,57,54,3,53
1974,14,West Ham United,42,13,13,16,58,59,-1,52
1974,15,Birmingham City,42,14,9,19,53,61,-8,51
1974,16,Coventry City,42,12,15,15,51,62,-11,51
1974,17,Arsenal,42,13,11,18,47,49,-2,50
1974,18,Leicester City,42,12,12,18,46,60,-14,48
1974,19,Tottenham Hotspur,42,13,8,21,52,63,-11,47
1974,20,Luton Town,42,11,11,20,47,65,-18,44
1974,21,Chelsea,42,9,15,18,42,72,-30,42
1974,22,Carlisle United,42,12,5,25,43,59,-16,41
1975,1,Liverpool,42,23,14,5,66,31,35,83
1975,2,Queens Park Rangers,42,24,11,7,67,33,34,83
1975,3,Manchester United,42,23,10,9,68,42,26,79
1975,4,Derby County,42,21,11,10,75,58,17,74
1975,5,Leeds United,42,21,9,12,65,46,19,72
1975,6,Ipswich Town,42,16,14,12,54,48,6,62
1975,7,Manchester City,42,16,11,15,64,46,18,59
1975,8,Norwich City,42,16,10,16,58,58,0,58
1975,9,Leicester City,42,13,19,10,48,51,-3,58
1975,10,Tottenham Hotspur,42,14,15,13,63,63,0,57
1975,11,Everton,42,15,12,15,60,66,-6,57
1975,12,Stoke City,42,15,11,16,48,50,-2,56
1975,13,Middlesbrough,42,15,10,17,46,45,1,55
1975,14,Newcastle United,42,15,9,18,71,62,9,54
1975,15,Coventry City,42,13,14,15,47,57,-10,53
1975,16,Aston Villa,42,11,17,14,51,59,-8,50
1975,17,Arsenal,42,13,10,19,47,53,-6,49
1975,18,West Ham United,42,13,10,19,48,71,-23,49
1975,19,Birmingham City,42,13,7,22,57,75,-18,46
1975,20,Wolverhampton Wanderers,42,10,10,22,51,68,-17,40
1975,21,Burnley,42,9,10,23,43,66,-23,37
1975,22,Sheffield United,42,6,10,26,33,82,-49,28
1976,1,Liverpool,42,23,11,8,62,33,29,80
1976,2,Manchester City,42,21,14,7,60,34,26,77
1976,3,Ipswich Town,42,22,8,12,66,39,27,74
1976,4,Aston Villa,42,22,7,13,76,50,26,73
1976,5,Newcastle United,42,18,13,11,64,49,15,67
1976,6,Manchester United,42,18,11,13,71,62,9,65
1976,7,West Bromwich Albion,42,16,13,13,62,56,6,61
1976,8,Arsenal,42,16,11,15,64,59,5,59
1976,9,Leeds United,42,15,12,15,48,51,-3,57
1976,10,Everton,42,14,14,14,62,64,-2,56
1976,11,Middlesbrough,42,14,13,15,40,45,-5,55
1976,12,Leicester City,42,12,18,12,47,60,-13,54
1976,13,Birmingham City,42,13,12,17,63,61,2,51
1976,14,Queens Park Rangers,42,13,12,17,47,52,-5,51
1976,15,Norwich City,42,14,9,19,47,64,-17,51
1976,16,West Ham United,42,11,14,17,46,65,-19,47
1976,17,Derby County,42,9,19,14,50,55,-5,46
1976,18,Bristol City,42,11,13,18,38,48,-10,46
1976,19,Sunderland,42,11,12,19,46,54,-8,45
1976,20,Coventry City,42,10,15,17,48,59,-11,45
1976,21,Tottenham Hotspur,42,12,9,21,48,72,-24,45
1976,22,Stoke City,42,10,14,18,28,51,-23,44
1977,1,Nottingham Forest,42,25,14,3,69,24,45,89
1977,2,Liverpool,42,24,9,9,65,34,31,81
1977,3,Everton,42,22,11,9,76,45,31,77
1977,4,Arsenal,42,21,10,11,60,37,23,73
1977,5,Manchester City,42,20,12,10,74,51,23,72
1977,6,West Bromwich Albion,42,18,14,10,62,53,9,68
1977,7,Coventry City,42,18,12,12,75,62,13,66
1977,8,Aston Villa,42,18,10,14,57,42,15,64
1977,9,Leeds United,42,18,10,14,63,53,10,64
1977,10,Manchester United,42,16,10,16,67,63,4,58
1977,11,Birmingham City,42,16,9,17,55,60,-5,57
1977,12,Derby County,42,14,13,15,54,59,-5,55
1977,13,Middlesbrough,42,12,15,15,42,54,-12,51
1977,14,Norwich City,42,11,18,13,52,66,-14,51
1977,15,Wolverhampton Wanderers,42,12,12,18,51,64,-13,48
1977,16,Chelsea,42,11,14,17,46,69,-23,47
1977,17,Bristol City,42,11,13,18,49,53,-4,46
1977,18,Ipswich Town,42,11,13,18,47,61,-14,46
1977,19,West Ham United,42,12,8,22,52,69,-17,44
1977,20,Queens Park Rangers,42,9,15,18,47,64,-17,42
1977,21,Newcastle United,42,6,10,26,42,78,-36,28
1977,22,Leicester City,42,5,12,25,26,70,-44,27
1978,1,Liverpool,42,30,8,4,85,16,69,98
1978,2,West Bromwich Albion,42,24,11,7,72,35,37,83
1978,3,Nottingham Forest,42,21,18,3,61,26,35,81
1978,4,Ipswich Town,42,20,9,13,63,49,14,69
1978,5,Leeds United,42,18,14,10,70,52,18,68
1978,6,Everton,42,17,17,8,52,40,12,68
1978,7,Arsenal,42,17,14,11,61,48,13,65
1978,8,Aston Villa,42,15,16,11,59,49,10,61
1978,9,Manchester United,42,15,15,12,60,63,-3,60
1978,10,Coventry City,42,14,16,12,58,68,-10,58
1978,11,Middlesbrough,42,15,10,17,57,50,7,55
1978,12,Bristol City,42,15,10,17,47,51,-4,55
1978,13,Tottenham Hotspur,42,13,15,14,48,61,-13,54
1978,14,Manchester City,42,13,13,16,58,56,2,52
1978,15,Southampton,42,12,16,14,47,53,-6,52
1978,16,Bolton Wanderers,42,12,11,19,54,75,-21,47
1978,17,Wolverhampton Wanderers,42,13,8,21,44,68,-24,47
1978,18,Norwich City,42,7,23,12,51,57,-6,44
1978,19,Derby County,42,10,11,21,44,71,-27,41
1978,20,Queens Park Rangers,42,6,13,23,45,73,-28,31
1978,21,Birmingham City,42,6,10,26,37,64,-27,28
1978,22,Chelsea,42,5,10,27,44,92,-48,25
1979,1,Liverpool,42,25,10,7,81,30,51,85
1979,2,Manchester United,42,24,10,8,65,35,30,82
1979,3,Ipswich Town,42,22,9,11,68,39,29,75
1979,4,Arsenal,42,18,16,8,52,36,16,70
1979,5,Nottingham Forest,42,20,8,14,63,43,20,68
1979,6,Wolverhampton Wanderers,42,19,9,14,58,47,11,66
1979,7,Southampton,42,18,9,15,65,53,12,63
1979,8,Aston Villa,42,16,14,12,51,50,1,62
1979,9,Middlesbrough,42,16,12,14,50,44,6,60
1979,10,Coventry City,42,16,7,19,56,66,-10,55
1979,11,Tottenham Hotspur,42,15,10,17,52,62,-10,55
1979,12,Leeds United,42,13,14,15,46,50,-4,53
1979,13,Norwich City,42,13,14,15,58,66,-8,53
1979,14,West Bromwich Albion,42,11,19,12,54,50,4,52
1979,15,Crystal Palace,42,12,16,14,41,50,-9,52
1979,16,Stoke City,42,13,10,19,44,58,-14,49
1979,17,Manchester City,42,12,13,17,43,66,-23,49
1979,18,Brighton & Hove Albion,42,11,15,16,47,57,-10,48
1979,19,Everton,42,9,17,16,43,51,-8,44
1979,20,Derby County,42,11,8,23,47,67,-20,41
1979,21,Bristol City,42,9,13,20,37,66,-29,40
1979,22,Bolton Wanderers,42,5,15,22,38,73,-35,30
1980,1,Aston Villa,42,26,8,8,72,40,32,86
1980,2,Ipswich Town,42,23,10,9,77,43,34,79
1980,3,West Bromwich Albion,42,20,12,10,60,42,18,72
1980,4,Arsenal,42,19,15,8,61,45,16,72
1980,5,Southampton,42,20,10,12,76,56,20,70
1980,6,Nottingham Forest,42,19,12,11,62,44,18,69
1980,7,Liverpool,42,17,17,8,62,42,20,68
1980,8,Manchester United,42,15,18,9,51,36,15,63
1980,9,Leeds United,42,17,10,15,39,47,-8,61
1980,10,Tottenham Hotspur,42,14,15,13,70,68,2,57
1980,11,Stoke City,42,12,18,12,51,60,-9,54
1980,12,Manchester City,42,14,11,17,56,59,-3,53
1980,13,Middlesbrough,42,16,5,21,53,61,-8,53
1980,14,Birmingham City,42,13,12,17,50,61,-11,51
1980,15,Sunderland,42,14,7,21,52,53,-1,49
1980,16,Everton,42,13,10,19,55,58,-3,49
1980,17,Brighton & Hove Albion,42,14,7,21,54,67,-13,49
1980,18,Coventry City,42,13,10,19,48,68,-20,49
1980,19,Wolverhampton Wanderers,42,13,9,20,43,55,-12,48
1980,20,Norwich City,42,13,7,22,49,73,-24,46
1980,21,Leicester City,42,13,6,23,40,67,-27,45
1980,22,Crystal Palace,42,6,7,29,47,83,-36,25
1981,1,Liverpool,42,26,9,7,80,32,48,87
1981,2,Ipswich Town,42,26,5,11,75,53,22,83
1981,3,Manchester United,42,22,12,8,59,29,30,78
1981,4,Tottenham Hotspur,42,20,11,11,67,48,19,71
1981,5,Arsenal,42,20,11,11,48,37,11,71
1981,6,Swansea City,42,21,6,15,58,51,7,69
1981,7,Southampton,42,19,9,14,72,67,5,66
1981,8,Everton,42,17,13,12,56,50,6,64
1981,9,West Ham United,42,14,16,12,66,57,9,58
1981,10,Manchester City,42,15,13,14,49,50,-1,58
1981,11,Aston Villa,42,15,12,15,55,53,2,57
1981,12,Nottingham Forest,42,15,12,15,42,48,-6,57
1981,13,Brighton & Hove Albion,42,13,13,16,43,52,-9,52
1981,14,Coventry City,42,13,11,18,56,62,-6,50
1981,15,Notts County,42,13,8,21,61,69,-8,47
1981,16,Birmingham City,42,10,14,18,53,61,-8,44
1981,17,West Bromwich Albion,42,11,11,20,46,57,-11,44
1981,18,Stoke City,42,12,8,22,44,63,-19,44
1981,19,Sunderland,42,11,11,20,38,58,-20,44
1981,20,Leeds United,42,10,12,20,39,61,-22,42
1981,21,Wolverhampton Wanderers,42,10,10,22,32,63,-31,40
1981,22,Middlesbrough,42,8,15,19,34,52,-18,39
1982,1,Liverpool,42,24,10,8,87,37,50,82
1982,2,Watford,42,22,5,15,74,57,17,71
1982,3,Manchester United,42,19,13,10,56,38,18,70
1982,4,Tottenham Hotspur,42,20,9,13,65,50,15,69
1982,5,Nottingham Forest,42,20,9,13,62,50,12,69
1982,6,Aston Villa,42,21,5,16,62,50,12,68
1982,7,Everton,42,18,10,14,66,48,18,64
1982,8,West Ham United,42,20,4,18,68,62,6,64
1982,9,Ipswich Town,42,15,13,14,64,50,14,58
1982,10,Arsenal,42,16,10,16,58,56,2,58
1982,11,West Bromwich Albion,42,15,12,15,51,49,2,57
1982,12,Southampton,42,15,12,15,54,58,-4,57
1982,13,Stoke City,42,16,9,17,53,64,-11,57
1982,14,Norwich City,42,14,12,16,52,58,-6,54
1982,15,Notts County,42,15,7,20,55,71,-16,52
1982,16,Sunderland,42,12,14,16,48,61,-13,50
1982,17,Birmingham City,42,12,14,16,40,55,-15,50
1982,18,Luton Town,42,12,13,17,65,84,-19,49
1982,19,Coventry City,42,13,9,20,48,59,-11,48
1982,20,Manchester City,42,13,8,21,47,70,-23,47
1982,21,Swansea City,42,10,11,21,51,69,-18,41
1982,22,Brighton & Hove Albion,42,9,13,20,38,68,-30,40
1983,1,Liverpool,42,22,14,6,73,32,41,80
1983,2,Southampton,42,22,11,9,66,38,28,77
1983,3,Nottingham Forest,42,22,8,12,76,45,31,74
1983,4,Manchester United,42,20,14,8,71,41,30,74
1983,5,Queens Park Rangers,42,22,7,13,67,37,30,73
1983,6,Arsenal,42,18,9,15,74,60,14,63
1983,7,Everton,42,16,14,12,44,42,2,62
1983,8,Tottenham Hotspur,42,17,10,15,64,65,-1,61
1983,9,West Ham United,42,17,9,16,60,55,5,60
1983,10,Aston Villa,42,17,9,16,59,61,-2,60
1983,11,Watford,42,16,9,17,68,77,-9,57
1983,12,Ipswich Town,42,15,8,19,55,57,-2,53
1983,13,Sunderland,42,13,13,16,42,53,-11,52
1983,14,Norwich City,42,12,15,15,48,49,-1,51
1983,15,Leicester City,42,13,12,17,65,68,-3,51
1983,16,Luton Town,42,14,9,19,53,66,-13,51
1983,17,West Bromwich Albion,42,14,9,19,48,62,-14,51
1983,18,Stoke City,42,13,11,18,44,63,-19,50
1983,19,Coventry City,42,13,11,18,57,77,-20,50
1983,20,Birmingham City,42,12,12,18,39,50,-11,48
1983,21,Notts County,42,10,11,21,50,72,-22,41
1983,22,Wolverhampton Wanderers,42,6,11,25,27,80,-53,29
1984,1,Everton,42,28,6,8,88,43,45,90
1984,2,Liverpool,42,22,11,9,68,35,33,77
1984,3,Tottenham Hotspur,42,23,8,11,78,51,27,77
1984,4,Manchester United,42,22,10,10,77,47,30,76
1984,5,Southampton,42,19,11,12,56,47,9,68
1984,6,Chelsea,42,18,12,12,63,48,15,66
1984,7,Arsenal,42,19,9,14,61,49,12,66
1984,8,Sheffield Wednesday,42,17,14,11,58,45,13,65
1984,9,Nottingham Forest,42,19,7,16,56,48,8,64
1984,10,Aston Villa,42,15,11,16,60,60,0,56
1984,11,Watford,42,14,13,15,81,71,10,55
1984,12,West Bromwich Albion,42,16,7,19,58,62,-4,55
1984,13,Luton Town,42,15,9,18,57,61,-4,54
1984,14,Newcastle United,42,13,13,16,55,70,-15,52
1984,15,Leicester City,42,15,6,21,65,73,-8,51
1984,16,West Ham United,42,13,12,17,51,68,-17,51
1984,17,Ipswich Town,42,13,11,18,46,57,-11,50
1984,18,Coventry City,42,15,5,22,47,64,-17,50
1984,19,Queens Park Rangers,42,13,11,18,53,72,-19,50
1984,20,Norwich City,42,13,10,19,46,64,-18,49
1984,21,Sunderland,42,10,10,22,40,62,-22,40
1984,22,Stoke City,42,3,8,31,24,91,-67,17
1985,1,Liverpool,42,26,10,6,89,37,52,88
1985,2,Everton,42,26,8,8,87,41,46,86
1985,3,West Ham United,42,26,6,10,74,40,34,84
1985,4,Manchester United,42,22,10,10,70,36,34,76
1985,5,Sheffield Wednesday,42,21,10,11,63,54,9,73
1985,6,Chelsea,42,20,11,11,57,56,1,71
1985,7,Arsenal,42,20,9,13,49,47,2,69
1985,8,Nottingham Forest,42,19,11,12,69,53,16,68
1985,9,Luton Town,42,18,12,12,61,44,17,66
1985,10,Tottenham Hotspur,42,19,8,15,74,52,22,65
1985,11,Newcastle United,42,17,12,13,67,72,-5,63
1985,12,Watford,42,16,11,15,69,62,7,59
1985,13,Queens Park Rangers,42,15,7,20,53,64,-11,52
1985,14,Southampton,42,12,10,20,51,62,-11,46
1985,15,Manchester City,42,11,12,19,43,57,-14,45
1985,16,Aston Villa,42,10,14,18,51,67,-16,44
1985,17,Coventry City,42,11,10,21,48,71,-23,43
1985,18,Oxford United,42,10,12,20,62,80,-18,42
1985,19,Leicester City,42,10,12,20,54,76,-22,42
1985,20,Ipswich Town,42,11,8,23,32,55,-23,41
1985,21,Birmingham City,42,8,5,29,30,73,-43,29
1985,22,West Bromwich Albion,42,4,12,26,35,89,-54,24
1986,1,Everton,42,26,8,8,76,31,45,86
1986,2,Liverpool,42,23,8,11,72,42,30,77
1986,3,Tottenham Hotspur,42,21,8,13,68,43,25,71
1986,4,Arsenal,42,20,10,12,58,35,23,70
1986,5,Norwich City,42,17,17,8,53,51,2,68
1986,6,Wimbledon,42,19,9,14,57,50,7,66
1986,7,Luton Town,42,18,12,12,47,45,2,66
1986,8,Nottingham Forest,42,18,11,13,64,51,13,65
1986,9,Watford,42,18,9,15,67,54,13,63
1986,10,Coventry City,42,17,12,13,50,45,5,63
1986,11,Manchester United,42,14,14,14,52,45,7,56
1986,12,Southampton,42,14,10,18,69,68,1,52
1986,13,Sheffield Wednesday,42,13,13,16,58,59,-1,52
1986,14,Chelsea,42,13,13,16,53,64,-11,52
1986,15,West Ham United,42,14,10,18,52,67,-15,52
1986,16,Queens Park Rangers,42,13,11,18,48,64,-16,50
1986,17,Newcastle United,42,12,11,19,47,65,-18,47
1986,18,Oxford United,42,11,13,18,44,69,-25,46
1986,19,Charlton Athletic,42,11,11,20,45,55,-10,44
1986,20,Leicester City,42,11,9,22,54,76,-22,42
1986,21,Manchester City,42,8,15,19,36,57,-21,39
1986,22,Aston Villa,42,8,12,22,45,79,-34,36
1987,1,Liverpool,40,26,12,2,87,24,63,90
1987,2,Manchester United,40,23,12,5,71,38,33,81
1987,3,Nottingham Forest,40,20,13,7,67,39,28,73
1987,4,Everton,40,19,13,8,53,27,26,70
1987,5,Queens Park Rangers,40,19,10,11,48,38,10,67
1987,6,Arsenal,40,18,12,10,58,39,19,66
1987,7,Wimbledon,40,14,15,11,58,47,11,57
1987,8,Newcastle United,40,14,14,12,55,53,2,56
1987,9,Luton Town,40,14,11,15,57,58,-1,53
1987,10,Coventry City,40,13,14,13,46,53,-7,53
1987,11,Sheffield Wednesday,40,15,8,17,52,66,-14,53
1987,12,Southampton,40,12,14,14,49,53,-4,50
1987,13,Tottenham Hotspur,40,12,11,17,38,48,-10,47
1987,14,Norwich City,40,12,9,19,40,52,-12,45
1987,15,Derby County,40,10,13,17,35,45,-10,43
1987,16,West Ham United,40,9,15,16,40,52,-12,42
1987,17,Charlton Athletic,40,9,15,16,38,52,-14,42
1987,18,Chelsea,40,9,15,16,50,68,-18,42
1987,19,Portsmouth,40,7,14,19,36,66,-30,35
1987,20,Watford,40,7,11,22,27,51,-24,32
1987,21,Oxford United,40,6,13,21,44,80,-36,31
1988,1,Arsenal,38,22,10,6,73,36,37,76
1988,2,Liverpool,38,22,10,6,65,28,37,76
1988,3,Nottingham Forest,38,17,13,8,64,43,21,64
1988,4,Norwich City,38,17,11,10,48,45,3,62
1988,5,Derby County,38,17,7,14,40,38,2,58
1988,6,Tottenham Hotspur,38,15,12,11,60,46,14,57
1988,7,Coventry City,38,14,13,11,47,42,5,55
1988,8,Everton,38,14,12,12,50,45,5,54
1988,9,Queens Park Rangers,38,14,11,13,43,37,6,53
1988,10,Millwall,38,14,11,13,47,52,-5,53
1988,11,Manchester United,38,13,12,13,45,35,10,51
1988,12,Wimbledon,38,14,9,15,50,46,4,51
1988,13,Southampton,38,10,15,13,52,66,-14,45
1988,14,Charlton Athletic,38,10,12,16,44,58,-14,42
1988,15,Sheffield Wednesday,38,10,12,16,34,51,-17,42
1988,16,Luton Town,38,10,11,17,42,52,-10,41
1988,17,Aston Villa,38,9,13,16,45,56,-11,40
1988,18,Middlesbrough,38,9,12,17,44,61,-17,39
1988,19,West Ham United,38,10,8,20,37,62,-25,38
1988,20,Newcastle United,38,7,10,21,32,63,-31,31
1989,1,Liverpool,38,23,10,5,78,37,41,79
1989,2,Aston Villa,38,21,7,10,57,38,19,70
1989,3,Tottenham Hotspur,38,19,6,13,59,47,12,63
1989,4,Arsenal,38,18,8,12,54,38,16,62
1989,5,Chelsea,38,16,12,10,58,50,8,60
1989,6,Everton,38,17,8,13,57,46,11,59
1989,7,Southampton,38,15,10,13,71,63,8,55
1989,8,Wimbledon,38,13,16,9,47,40,7,55
1989,9,Nottingham Forest,38,15,9,14,55,47,8,54
1989,10,Norwich City,38,13,14,11,44,42,2,53
1989,11,Queens Park Rangers,38,13,11,14,45,44,1,50
1989,12,Coventry City,38,14,7,17,39,59,-20,49
1989,13,Manchester United,38,13,9,16,46,47,-1,48
1989,14,Manchester City,38,12,12,14,43,52,-9,48
1989,15,Crystal Palace,38,13,9,16,42,66,-24,48
1989,16,Derby County,38,13,7,18,43,40,3,46
1989,17,Luton Town,38,10,13,15,43,57,-14,43
1989,18,Sheffield Wednesday,38,11,10,17,35,51,-16,43
1989,19,Charlton Athletic,38,7,9,22,31,57,-26,30
1989,20,Millwall,38,5,11,22,39,65,-26,26
1990,1,Arsenal,38,24,13,1,74,18,56,85
1990,2,Liverpool,38,23,7,8,77,40,37,76
1990,3,Crystal Palace,38,20,9,9,50,41,9,69
1990,4,Leeds United,38,19,7,12,65,47,18,64
1990,5,Manchester City,38,17,11,10,64,53,11,62
1990,6,Manchester United,38,16,12,10,58,45,13,60
1990,7,Wimbledon,38,14,14,10,53,46,7,56
1990,8,Nottingham Forest,38,14,12,12,65,50,15,54
1990,9,Everton,38,13,12,13,50,46,4,51
1990,10,Tottenham Hotspur,38,11,16,11,51,50,1,49
1990,11,Chelsea,38,13,10,15,58,69,-11,49
1990,12,Queens Park Rangers,38,12,10,16,44,53,-9,46
1990,13,Sheffield United,38,13,7,18,36,55,-19,46
1990,14,Southampton,38,12,9,17,58,69,-11,45
1990,15,Norwich City,38,13,6,19,41,64,-23,45
1990,16,Coventry City,38,11,11,16,42,49,-7,44
1990,17,Aston Villa,38,9,14,15,46,58,-12,41
1990,18,Luton Town,38,10,7,21,42,61,-19,37
1990,19,Sunderland,38,8,10,20,38,60,-22,34
1990,20,Derby County,38,5,9,24,37,75,-38,24
1991,1,Leeds United,42,22,16,4,74,37,37,82
1991,2,Manchester United,42,21,15,6,63,33,30,78
1991,3,Sheffield Wednesday,42,21,12,9,62,49,13,75
1991,4,Arsenal,42,19,15,8,81,46,35,72
1991,5,Manchester City,42,20,10,12,61,48,13,70
1991,6,Liverpool,42,16,16,10,47,40,7,64
1991,7,Aston Villa,42,17,9,16,48,44,4,60
1991,8,Nottingham Forest,42,16,11,15,60,58,2,59
1991,9,Sheffield United,42,16,9,17,65,63,2,57
1991,10,Crystal Palace,42,14,15,13,53,61,-8,57
1991,11,Queens Park Rangers,42,12,18,12,48,47,1,54
1991,12,Everton,42,13,14,15,52,51,1,53
1991,13,Wimbledon,42,13,14,15,53,53,0,53
1991,14,Chelsea,42,13,14,15,50,60,-10,53
1991,15,Tottenham Hotspur,42,15,7,20,58,63,-5,52
1991,16,Southampton,42,14,10,18,39,55,-16,52
1991,17,Oldham Athletic,42,14,9,19,63,67,-4,51
1991,18,Norwich City,42,11,12,19,47,63,-16,45
1991,19,Coventry City,42,11,11,20,35,44,-9,44
1991,20,Luton Town,42,10,12,20,38,71,-33,42
1991,21,Notts County,42,10,10,22,40,62,-22,40
1991,22,West Ham United,42,9,11,22,37,59,-22,38
1992,1,Manchester United,42,24,12,6,67,31,36,84
1992,2,Aston Villa,42,21,11,10,57,40,17,74
1992,3,Norwich City,42,21,9,12,61,65,-4,72
1992,4,Blackburn Rovers,42,20,11,11,68,46,22,71
1992,5,Queens Park Rangers,42,17,12,13,63,55,8,63
1992,6,Liverpool,42,16,11,15,62,55,7,59
1992,7,Sheffield Wednesday,42,15,14,13,55,51,4,59
1992,8,Tottenham Hotspur,42,16,11,15,60,66,-6,59
1992,9,Manchester City,42,15,12,15,56,51,5,57
1992,10,Arsenal,42,15,11,16,40,38,2,56
1992,11,Chelsea,42,14,14,14,51,54,-3,56
1992,12,Wimbledon,42,14,12,16,56,55,1,54
1992,13,Everton,42,15,8,19,53,55,-2,53
1992,14,Sheffield United,42,14,10,18,54,53,1,52
1992,15,Coventry City,42,13,13,16,52,57,-5,52
1992,16,Ipswich Town,42,12,16,14,50,55,-5,52
1992,17,Leeds United,42,12,15,15,57,62,-5,51
1992,18,Southampton,42,13,11,18,54,61,-7,50
1992,19,Oldham Athletic,42,13,10,19,63,74,-11,49
1992,20,Crystal Palace,42,11,16,15,48,61,-13,49
1992,21,Middlesbrough,42,11,11,20,54,75,-21,44
1992,22,Nottingham Forest,42,10,10,22,41,62,-21,40
1993,1,Manchester United,42,27,11,4,80,38,42,92
1993,2,Blackburn Rovers,42,25,9,8,63,36,27,84
1993,3,Newcastle United,42,23,8,11,82,41,41,77
1993,4,Arsenal,42,18,17,7,53,28,25,71
1993,5,Leeds United,42,18,16,8,65,39,26,70
1993,6,Wimbledon,42,18,11,13,56,53,3,65
1993,7,Sheffield Wednesday,42,16,16,10,76,54,22,64
1993,8,Liverpool,42,17,9,16,59,55,4,60
1993,9,Queens Park Rangers,42,16,12,14,62,61,1,60
1993,10,Aston Villa,42,15,12,15,46,50,-4,57
1993,11,Coventry City,42,14,14,14,43,45,-2,56
1993,12,Norwich City,42,12,17,13,65,61,4,53
1993,13,West Ham United,42,13,13,16,47,58,-11,52
1993,14,Chelsea,42,13,12,17,49,53,-4,51
1993,15,Tottenham Hotspur,42,11,12,19,54,59,-5,45
1993,16,Manchester City,42,9,18,15,38,49,-11,45
1993,17,Everton,42,12,8,22,42,63,-21,44
1993,18,Southampton,42,12,7,23,49,66,-17,43
1993,19,Ipswich Town,42,9,16,17,35,58,-23,43
1993,20,Sheffield United,42,8,18,16,42,60,-18,42
1993,21,Oldham Athletic,42,9,13,20,42,68,-26,40
1993,22,Swindon Town,42,5,15,22,47,100,-53,30
1994,1,Blackburn Rovers,42,27,8,7,80,39,41,89
1994,2,Manchester United,42,26,10,6,77,28,49,88
1994,3,Nottingham Forest,42,22,11,9,72,43,29,77
1994,4,Liverpool,42,21,11,10,65,37,28,74
1994,5,Leeds United,42,20,13,9,59,38,21,73
1994,6,Newcastle United,42,20,12,10,67,47,20,72
1994,7,Tottenham Hotspur,42,16,14,12,66,58,8,62
1994,8,Queens Park Rangers,42,17,9,16,61,59,2,60
1994,9,Wimbledon,42,15,11,16,48,65,-17,56
1994,10,Southampton,42,12,18,12,61,63,-2,54
1994,11,Chelsea,42,13,15,14,50,55,-5,54
1994,12,Arsenal,42,13,12,17,52,49,3,51
1994,13,Sheffield Wednesday,42,13,12,17,49,57,-8,51
1994,14,West Ham United,42,13,11,18,44,48,-4,50
1994,15,Everton,42,11,17,14,44,51,-7,50
1994,16,Coventry City,42,12,14,16,44,62,-18,50
1994,17,Manchester City,42,12,13,17,53,64,-11,49
1994,18,Aston Villa,42,11,15,16,51,56,-5,48
1994,19,Crystal Palace,42,11,12,19,34,49,-15,45
1994,20,Norwich City,42,10,13,19,37,54,-17,43
1994,21,Leicester City,42,6,11,25,45,80,-35,29
1994,22,Ipswich Town,42,7,6,29,36,93,-57,27
1995,1,Manchester United,38,25,7,6,73,35,38,82
1995,2,Newcastle United,38,24,6,8,66,37,29,78
1995,3,Liverpool,38,20,11,7,70,34,36,71
1995,4,Aston Villa,38,18,9,11,52,35,17,63
1995,5,Arsenal,38,17,12,9,49,32,17,63
1995,6,Everton,38,17,10,11,64,44,20,61
1995,7,Blackburn Rovers,38,18,7,13,61,47,14,61
1995,8,Tottenham Hotspur,38,16,13,9,50,38,12,61
1995,9,Nottingham Forest,38,15,13,10,50,54,-4,58
1995,10,West Ham United,38,14,9,15,43,52,-9,51
1995,11,Chelsea,38,12,14,12,46,44,2,50
1995,12,Middlesbrough,38,11,10,17,35,50,-15,43
1995,13,Leeds United,38,12,7,19,40,57,-17,43
1995,14,Wimbledon,38,10,11,17,55,70,-15,41
1995,15,Sheffield Wednesday,38,10,10,18,48,61,-13,40
1995,16,Coventry City,38,8,14,16,42,60,-18,38
1995,17,Southampton,38,9,11,18,34,52,-18,38
1995,18,Manchester City,38,9,11,18,33,58,-25,38
1995,19,Queens Park Rangers,38,9,6,23,38,57,-19,33
1995,20,Bolton Wanderers,38,8,5,25,39,71,-32,29
1996,1,Manchester United,38,21,12,5,76,44,32,75
1996,2,Newcastle United,38,19,11,8,73,40,33,68
1996,3,Arsenal,38,19,11,8,62,32,30,68
1996,4,Liverpool,38,19,11,8,62,37,25,68
1996,5,Aston Villa,38,17,10,11,47,34,13,61
1996,6,Chelsea,38,16,11,11,58,55,3,59
1996,7,Sheffield Wednesday,38,14,15,9,50,51,-1,57
1996,8,Wimbledon,38,15,11,12,49,46,3,56
1996,9,Leicester City,38,12,11,15,46,54,-8,47
1996,10,Tottenham Hotspur,38,13,7,18,44,51,-7,46
1996,11,Leeds United,38,11,13,14,28,38,-10,46
1996,12,Derby County,38,11,13,14,45,58,-13,46
1996,13,Blackburn Rovers,38,9,15,14,42,43,-1,42
1996,14,Middlesbrough,38,10,12,16,51,60,-9,42
1996,15,West Ham United,38,10,12,16,39,48,-9,42
1996,16,Everton,38,10,12,16,44,57,-13,42
1996,17,Southampton,38,10,11,17,50,56,-6,41
1996,18,Coventry City,38,9,14,15,38,54,-16,41
1996,19,Sunderland,38,10,10,18,35,53,-18,40
1996,20,Nottingham Forest,38,6,16,16,31,59,-28,34
1997,1,Arsenal,38,23,9,6,68,33,35,78
1997,2,Manchester United,38,23,8,7,73,26,47,77
1997,3,Liverpool,38,18,11,9,68,42,26,65
1997,4,Chelsea,38,20,3,15,71,43,28,63
1997,5,Leeds United,38,17,8,13,57,46,11,59
1997,6,Blackburn Rovers,38,16,10,12,57,52,5,58
1997,7,Aston Villa,38,17,6,15,49,48,1,57
1997,8,West Ham United,38,16,8,14,56,57,-1,56
1997,9,Derby County,38,16,7,15,52,49,3,55
1997,10,Leicester City,38,13,14,11,51,41,10,53
1997,11,Coventry City,38,12,16,10,46,44,2,52
1997,12,Southampton,38,14,6,18,50,55,-5,48
1997,13,Newcastle United,38,11,11,16,35,44,-9,44
1997,14,Tottenham Hotspur,38,11,11,16,44,56,-12,44
1997,15,Wimbledon,38,10,14,14,34,46,-12,44
1997,16,Sheffield Wednesday,38,12,8,18,52,67,-15,44
1997,17,Everton,38,9,13,16,41,56,-15,40
1997,18,Bolton Wanderers,38,9,13,16,41,61,-20,40
1997,19,Barnsley,38,10,5,23,37,82,-45,35
1997,20,Crystal Palace,38,8,9,21,37,71,-34,33
1998,1,Manchester United,38,22,13,3,80,37,43,79
1998,2,Arsenal,38,22,12,4,59,17,42,78
1998,3,Chelsea,38,20,15,3,57,30,27,75
1998,4,Leeds United,38,18,13,7,62,34,28,67
1998,5,West Ham United,38,16,9,13,46,53,-7,57
1998,6,Aston Villa,38,15,10,13,51,46,5,55
1998,7,Liverpool,38,15,9,14,68,49,19,54
1998,8,Derby County,38,13,13,12,40,45,-5,52
1998,9,Middlesbrough,38,12,15,11,48,54,-6,51
1998,10,Leicester City,38,12,13,13,40,46,-6,49
1998,11,Tottenham Hotspur,38,11,14,13,47,50,-3,47
1998,12,Sheffield Wednesday,38,13,7,18,41,42,-1,46
1998,13,Newcastle United,38,11,13,14,48,54,-6,46
1998,14,Everton,38,11,10,17,42,47,-5,43
1998,15,Coventry City,38,11,9,18,39,51,-12,42
1998,16,Wimbledon,38,10,12,16,40,63,-23,42
1998,17,Southampton,38,11,8,19,37,64,-27,41
1998,18,Charlton Athletic,38,8,12,18,41,56,-15,36
1998,19,Blackburn Rovers,38,7,14,17,38,52,-14,35
1998,20,Nottingham Forest,38,7,9,22,35,69,-34,30
1999,1,Manchester United,38,28,7,3,97,45,52,91
1999,2,Arsenal,38,22,7,9,73,43,30,73
1999,3,Leeds United,38,21,6,11,58,43,15,69
1999,4,Liverpool,38,19,10,9,51,30,21,67
1999,5,Chelsea,38,18,11,9,53,34,19,65
1999,6,Aston Villa,38,15,13,10,46,35,11,58
1999,7,Sunderland,38,16,10,12,57,56,1,58
1999,8,Leicester City,38,16,7,15,55,55,0,55
1999,9,West Ham United,38,15,10,13,52,53,-1,55
1999,10,Tottenham Hotspur,38,15,8,15,57,49,8,53
1999,11,Newcastle United,38,14,10,14,63,54,9,52
1999,12,Middlesbrough,38,14,10,14,46,52,-6,52
1999,13,Everton,38,12,14,12,59,49,10,50
1999,14,Coventry City,38,12,8,18,47,54,-7,44
1999,15,Southampton,38,12,8,18,45,62,-17,44
1999,16,Derby County,38,9,11,18,44,57,-13,38
1999,17,Bradford City,38,9,9,20,38,68,-30,36
1999,18,Wimbledon,38,7,12,19,46,74,-28,33
1999,19,Sheffield Wednesday,38,8,7,23,38,70,-32,31
1999,20,Watford,38,6,6,26,35,77,-42,24
2000,1,Manchester United,38,24,8,6,79,31,48,80
2000,2,Arsenal,38,20,10,8,63,38,25,70
2000,3,Liverpool,38,20,9,9,71,39,32,69
2000,4,Leeds United,38,20,8,10,64,43,21,68
2000,5,Ipswich Town,38,20,6,12,57,42,15,66
2000,6,Chelsea,38,17,10,11,68,45,23,61
2000,7,Sunderland,38,15,12,11,46,41,5,57
2000,8,Aston Villa,38,13,15,10,46,43,3,54
2000,9,Charlton Athletic,38,14,10,14,50,57,-7,52
2000,10,Southampton,38,14,10,14,40,48,-8,52
2000,11,Newcastle United,38,14,9,15,44,50,-6,51
2000,12,Tottenham Hotspur,38,13,10,15,47,54,-7,49
2000,13,Leicester City,38,14,6,18,39,51,-12,48
2000,14,Middlesbrough,38,9,15,14,44,44,0,42
2000,15,West Ham United,38,10,12,16,45,50,-5,42
2000,16,Everton,38,11,9,18,45,59,-14,42
2000,17,Derby County,38,10,12,16,37,59,-22,42
2000,18,Manchester City,38,8,10,20,41,65,-24,34
2000,19,Coventry City,38,8,10,20,36,63,-27,34
2000,20,Bradford City,38,5,11,22,30,70,-40,26
2001,1,Arsenal,38,26,9,3,79,36,43,87
2001,2,Liverpool,38,24,8,6,67,30,37,80
2001,3,Manchester United,38,24,5,9,87,45,42,77
2001,4,Newcastle United,38,21,8,9,74,52,22,71
2001,5,Leeds United,38,18,12,8,53,37,16,66
2001,6,Chelsea,38,17,13,8,66,38,28,64
2001,7,West Ham United,38,15,8,15,48,57,-9,53
2001,8,Aston Villa,38,12,14,12,46,47,-1,50
2001,9,Tottenham Hotspur,38,14,8,16,49,53,-4,50
2001,10,Blackburn Rovers,38,12,10,16,55,51,4,46
2001,11,Southampton,38,12,9,17,46,54,-8,45
2001,12,Middlesbrough,38,12,9,17,35,47,-12,45
2001,13,Fulham,38,10,14,14,36,44,-8,44
2001,14,Charlton Athletic,38,10,14,14,38,49,-11,44
2001,15,Everton,38,11,10,17,45,57,-12,43
2001,16,Bolton Wanderers,38,9,13,16,44,62,-18,40
2001,17,Sunderland,38,10,10,18,29,51,-22,40
2001,18,Ipswich Town,38,9,9,20,41,64,-23,36
2001,19,Derby County,38,8,6,24,33,63,-30,30
2001,20,Leicester City,38,5,13,20,30,64,-34,28
2002,1,Manchester United,38,25,8,5,74,34,40,83
2002,2,Arsenal,38,23,9,6,85,42,43,78
2002,3,Newcastle United,38,21,6,11,63,48,15,69
2002,4,Chelsea,38,19,10,9,68,38,30,67
2002,5,Liverpool,38,18,10,10,61,41,20,64
2002,6,Blackburn Rovers,38,16,12,10,52,43,9,60
2002,7,Everton,38,17,8,13,48,49,-1,59
2002,8,Southampton,38,13,13,12,43,46,-3,52
2002,9,Manchester City,38,15,6,17,47,54,-7,51
2002,10,Tottenham Hotspur,38,14,8,16,51,62,-11,50
2002,11,Middlesbrough,38,13,10,15,48,44,4,49
2002,12,Charlton Athletic,38,14,7,17,45,56,-11,49
2002,13,Birmingham City,38,13,9,16,41,49,-8,48
2002,14,Fulham,38,13,9,16,41,50,-9,48
2002,15,Leeds United,38,14,5,19,58,57,1,47
2002,16,Aston Villa,38,12,9,17,42,47,-5,45
2002,17,Bolton Wanderers,38,10,14,14,41,51,-10,44
2002,18,West Ham United,38,10,12,16,42,59,-17,42
2002,19,West Bromwich Albion,38,6,8,24,29,65,-36,26
2002,20,Sunderland,38,4,7,27,21,65,-44,19
2003,1,Arsenal,38,26,12,0,73,26,47,90
2003,2,Chelsea,38,24,7,7,67,30,37,79
2003,3,Manchester United,38,23,6,9,64,35,29,75
2003,4,Liverpool,38,16,12,10,55,37,18,60
2003,5,Newcastle United,38,13,17,8,52,40,12,56
2003,6,Aston Villa,38,15,11,12,48,44,4,56
2003,7,Charlton Athletic,38,14,11,13,51,51,0,53
2003,8,Bolton Wanderers,38,14,11,13,48,56,-8,53
2003,9,Fulham,38,14,10,14,52,46,6,52
2003,10,Birmingham City,38,12,14,12,43,48,-5,50
2003,11,Middlesbrough,38,13,9,16,44,52,-8,48
2003,12,Southampton,38,12,11,15,44,45,-1,47
2003,13,Portsmouth,38,12,9,17,47,54,-7,45
2003,14,Tottenham Hotspur,38,13,6,19,47,57,-10,45
2003,15,Blackburn Rovers,38,12,8,18,51,59,-8,44
2003,16,Manchester City,38,9,14,15,55,54,1,41
2003,17,Everton,38,9,12,17,45,57,-12,39
2003,18,Leicester City,38,6,15,17,48,65,-17,33
2003,19,Leeds United,38,8,9,21,40,79,-39,33
2003,20,Wolverhampton Wanderers,38,7,12,19,38,77,-39,33
2004,1,Chelsea,38,29,8,1,72,15,57,95
2004,2,Arsenal,38,25,8,5,87,36,51,83
2004,3,Manchester United,38,22,11,5,58,26,32,77
2004,4,Everton,38,18,7,13,45,46,-1,61
2004,5,Liverpool,38,17,7,14,52,41,11,58
2004,6,Bolton Wanderers,38,16,10,12,49,44,5,58
2004,7,Middlesbrough,38,14,13,11,53,46,7,55
2004,8,Manchester City,38,13,13,12,47,39,8,52
2004,9,Tottenham Hotspur,38,14,10,14,47,41,6,52
2004,10,Aston Villa,38,12,11,15,45,52,-7,47
2004,11,Charlton Athletic,38,12,10,16,42,58,-16,46
2004,12,Birmingham City,38,11,12,15,40,46,-6,45
2004,13,Fulham,38,12,8,18,52,60,-8,44
2004,14,Newcastle United,38,10,14,14,47,57,-10,44
2004,15,Blackburn Rovers,38,9,15,14,32,43,-11,42
2004,16,Portsmouth,38,10,9,19,43,59,-16,39
2004,17,West Bromwich Albion,38,6,16,16,36,61,-25,34
2004,18,Crystal Palace,38,7,12,19,41,62,-21,33
2004,19,Norwich City,38,7,12,19,42,77,-35,33
2004,20,Southampton,38,6,14,18,45,66,-21,32
2005,1,Chelsea,38,29,4,5,72,22,50,91
2005,2,Manchester United,38,25,8,5,72,34,38,83
2005,3,Liverpool,38,25,7,6,57,25,32,82
2005,4,Arsenal,38,20,7,11,68,31,37,67
2005,5,Tottenham Hotspur,38,18,11,9,53,38,15,65
2005,6,Blackburn Rovers,38,19,6,13,51,42,9,63
2005,7,Newcastle United,38,17,7,14,47,42,5,58
2005,8,Bolton Wanderers,38,15,11,12,49,41,8,56
2005,9,West Ham United,38,16,7,15,52,55,-3,55
2005,10,Wigan Athletic,38,15,6,17,45,52,-7,51
2005,11,Everton,38,14,8,16,34,49,-15,50
2005,12,Fulham,38,14,6,18,48,58,-10,48
2005,13,Charlton Athletic,38,13,8,17,41,55,-14,47
2005,14,Middlesbrough,38,12,9,17,48,58,-10,45
2005,15,Manchester City,38,13,4,21,43,48,-5,43
2005,16,Aston Villa,38,10,12,16,42,55,-13,42
2005,17,Portsmouth,38,10,8,20,37,62,-25,38
2005,18,Birmingham City,38,8,10,20,28,50,-22,34
2005,19,West Bromwich Albion,38,7,9,22,31,58,-27,30
2005,20,Sunderland,38,3,6,29,26,69,-43,15
2006,1,Manchester United,38,28,5,5,83,27,56,89
2006,2,Chelsea,38,24,11,3,64,24,40,83
2006,3,Liverpool,38,20,8,10,57,27,30,68
2006,4,Arsenal,38,19,11,8,63,35,28,68
2006,5,Tottenham Hotspur,38,17,9,12,57,54,3,60
2006,6,Everton,38,15,13,10,52,36,16,58
2006,7,Bolton Wanderers,38,16,8,14,47,52,-5,56
2006,8,Reading,38,16,7,15,52,47,5,55
2006,9,Portsmouth,38,14,12,12,45,42,3,54
2006,10,Blackburn Rovers,38,15,7,16,52,54,-2,52
2006,11,Aston Villa,38,11,17,10,43,41,2,50
2006,12,Middlesbrough,38,12,10,16,44,49,-5,46
2006,13,Newcastle United,38,11,10,17,38,47,-9,43
2006,14,Manchester City,38,11,9,18,29,44,-15,42
2006,15,West Ham United,38,12,5,21,35,59,-24,41
2006,16,Fulham,38,8,15,15,38,60,-22,39
2006,17,Wigan Athletic,38,10,8,20,37,59,-22,38
2006,18,Sheffield United,38,10,8,20,32,55,-23,38
2006,19,Charlton Athletic,38,8,10,20,34,60,-26,34
2006,20,Watford,38,5,13,20,29,59,-30,28
2007,1,Manchester United,38,27,6,5,80,22,58,87
2007,2,Chelsea,38,25,10,3,65,26,39,85
2007,3,Arsenal,38,24,11,3,74,31,43,83
2007,4,Liverpool,38,21,13,4,67,28,39,76
2007,5,Everton,38,19,8,11,55,33,22,65
2007,6,Aston Villa,38,16,12,10,71,51,20,60
2007,7,Blackburn Rovers,38,15,13,10,50,48,2,58
2007,8,Portsmouth,38,16,9,13,48,40,8,57
2007,9,Manchester City,38,15,10,13,45,53,-8,55
2007,10,West Ham United,38,13,10,15,42,50,-8,49
2007,11,Tottenham Hotspur,38,11,13,14,66,61,5,46
2007,12,Newcastle United,38,11,10,17,45,65,-20,43
2007,13,Middlesbrough,38,10,12,16,43,53,-10,42
2007,14,Wigan Athletic,38,10,10,18,34,51,-17,40
2007,15,Sunderland,38,11,6,21,36,59,-23,39
2007,16,Bolton Wanderers,38,9,10,19,36,54,-18,37
2007,17,Fulham,38,8,12,18,38,60,-22,36
2007,18,Reading,38,10,6,22,41,66,-25,36
2007,19,Birmingham City,38,8,11,19,46,62,-16,35
2007,20,Derby County,38,1,8,29,20,89,-69,11
2008,1,Manchester United,38,28,6,4,68,24,44,90
2008,2,Liverpool,38,25,11,2,77,27,50,86
2008,3,Chelsea,38,25,8,5,68,24,44,83
2008,4,Arsenal,38,20,12,6,68,37,31,72
2008,5,Everton,38,17,12,9,55,37,18,63
2008,6,Aston Villa,38,17,11,10,54,48,6,62
2008,7,Fulham,38,14,11,13,39,34,5,53
2008,8,Tottenham Hotspur,38,14,9,15,45,45,0,51
2008,9,West Ham United,38,14,9,15,42,45,-3,51
2008,10,Manchester City,38,15,5,18,58,50,8,50
2008,11,Wigan Athletic,38,12,9,17,34,45,-11,45
2008,12,Stoke City,38,12,9,17,38,55,-17,45
2008,13,Bolton Wanderers,38,11,8,19,41,53,-12,41
2008,14,Portsmouth,38,10,11,17,38,57,-19,41
2008,15,Blackburn Rovers,38,10,11,17,40,60,-20,41
2008,16,Sunderland,38,9,9,20,34,54,-20,36
2008,17,Hull City,38,8,11,19,39,64,-25,35
2008,18,Newcastle United,38,7,13,18,40,59,-19,34
2008,19,Middlesbrough,38,7,11,20,28,57,-29,32
2008,20,West Bromwich Albion,38,8,8,22,36,67,-31,32
2009,1,Chelsea,38,27,5,6,103,32,71,86
2009,2,Manchester United,38,27,4,7,86,28,58,85
2009,3,Arsenal,38,23,6,9,83,41,42,75
2009,4,Tottenham Hotspur,38,21,7,10,67,41,26,70
2009,5,Manchester City,38,18,13,7,73,45,28,67
2009,6,Aston Villa,38,17,13,8,52,39,13,64
2009,7,Liverpool,38,18,9,11,61,35,26,63
2009,8,Everton,38,16,13,9,60,49,11,61
2009,9,Birmingham City,38,13,11,14,38,47,-9,50
2009,10,Blackburn Rovers,38,13,11,14,41,55,-14,50
2009,11,Stoke City,38,11,14,13,34,48,-14,47
2009,12,Fulham,38,12,10,16,39,46,-7,46
2009,13,Sunderland,38,11,11,16,48,56,-8,44
2009,14,Bolton Wanderers,38,10,9,19,42,67,-25,39
2009,15,Wolverhampton Wanderers,38,9,11,18,32,56,-24,38
2009,16,Wigan Athletic,38,9,9,20,37,79,-42,36
2009,17,West Ham United,38,8,11,19,47,66,-19,35
2009,18,Burnley,38,8,6,24,42,82,-40,30
2009,19,Hull City,38,6,12,20,34,75,-41,30
2009,20,Portsmouth,38,7,7,24,34,66,-32,28
2010,1,Manchester United,38,23,11,4,78,37,41,80
2010,2,Chelsea,38,21,8,9,69,33,36,71
2010,3,Manchester City,38,21,8,9,60,33,27,71
2010,4,Arsenal,38,19,11,8,72,43,29,68
2010,5,Tottenham Hotspur,38,16,14,8,55,46,9,62
2010,6,Liverpool,38,17,7,14,59,44,15,58
2010,7,Everton,38,13,15,10,51,45,6,54
2010,8,Fulham,38,11,16,11,49,43,6,49
2010,9,Aston Villa,38,12,12,14,48,59,-11,48
2010,10,Sunderland,38,12,11,15,45,56,-11,47
2010,11,West Bromwich Albion,38,12,11,15,56,71,-15,47
2010,12,Newcastle United,38,11,13,14,56,57,-1,46
2010,13,Stoke City,38,13,7,18,46,48,-2,46
2010,14,Bolton Wanderers,38,12,10,16,52,56,-4,46
2010,15,Blackburn Rovers,38,11,10,17,46,59,-13,43
2010,16,Wigan Athletic,38,9,15,14,40,61,-21,42
2010,17,Wolverhampton Wanderers,38,11,7,20,46,66,-20,40
2010,18,Birmingham City,38,8,15,15,37,58,-21,39
2010,19,Blackpool,38,10,9,19,55,78,-23,39
2010,20,West Ham United,38,7,12,19,43,70,-27,33
2011,1,Manchester City,38,28,5,5,93,29,64,89
2011,2,Manchester United,38,28,5,5,89,33,56,89
2011,3,Arsenal,38,21,7,10,74,49,25,70
2011,4,Tottenham Hotspur,38,20,9,9,66,41,25,69
2011,5,Newcastle United,38,19,8,11,56,51,5,65
2011,6,Chelsea,38,18,10,10,65,46,19,64
2011,7,Everton,38,15,11,12,50,40,10,56
2011,8,Liverpool,38,14,10,14,47,40,7,52
2011,9,Fulham,38,14,10,14,48,51,-3,52
2011,10,West Bromwich Albion,38,13,8,17,45,52,-7,47
2011,11,Swansea City,38,12,11,15,44,51,-7,47
2011,12,Norwich City,38,12,11,15,52,66,-14,47
2011,13,Sunderland,38,11,12,15,45,46,-1,45
2011,14,Stoke City,38,11,12,15,36,53,-17,45
2011,15,Wigan Athletic,38,11,10,17,42,62,-20,43
2011,16,Aston Villa,38,7,17,14,37,53,-16,38
2011,17,Queens Park Rangers,38,10,7,21,43,66,-23,37
2011,18,Bolton Wanderers,38,10,6,22,46,77,-31,36
2011,19,Blackburn Rovers,38,8,7,23,48,78,-30,31
2011,20,Wolverhampton Wanderers,38,5,10,23,40,82,-42,25
2012,1,Manchester United,38,28,5,5,86,43,43,89
2012,2,Manchester City,38,23,9,6,66,34,32,78
2012,3,Chelsea,38,22,9,7,75,39,36,75
2012,4,Arsenal,38,21,10,7,72,37,35,73
2012,5,Tottenham Hotspur,38,21,9,8,66,46,20,72
2012,6,Everton,38,16,15,7,55,40,15,63
2012,7,Liverpool,38,16,13,9,71,43,28,61
2012,8,West Bromwich Albion,38,14,7,17,53,57,-4,49
2012,9,Swansea City,38,11,13,14,47,51,-4,46
2012,10,West Ham United,38,12,10,16,45,53,-8,46
2012,11,Norwich City,38,10,14,14,41,58,-17,44
2012,12,Fulham,38,11,10,17,50,60,-10,43
2012,13,Stoke City,38,9,15,14,34,45,-11,42
2012,14,Southampton,38,9,14,15,49,60,-11,41
2012,15,Aston Villa,38,10,11,17,47,69,-22,41
2012,16,Newcastle United,38,11,8,19,45,68,-23,41
2012,17,Sunderland,38,9,12,17,41,54,-13,39
2012,18,Wigan Athletic,38,9,9,20,47,73,-26,36
2012,19,Reading,38,6,10,22,43,73,-30,28
2012,20,Queens Park Rangers,38,4,13,21,30,60,-30,25
2013,1,Manchester City,38,27,5,6,102,37,65,86
2013,2,Liverpool,38,26,6,6,101,50,51,84
2013,3,Chelsea,38,25,7,6,71,27,44,82
2013,4,Arsenal,38,24,7,7,68,41,27,79
2013,5,Everton,38,21,9,8,61,39,22,72
2013,6,Tottenham Hotspur,38,21,6,11,55,51,4,69
2013,7,Manchester United,38,19,7,12,64,43,21,64
2013,8,Southampton,38,15,11,12,54,46,8,56
2013,9,Stoke City,38,13,11,14,45,52,-7,50
2013,10,Newcastle United,38,15,4,19,43,59,-16,49
2013,11,Crystal Palace,38,13,6,19,33,48,-15,45
2013,12,Swansea City,38,11,9,18,54,54,0,42
2013,13,West Ham United,38,11,7,20,40,51,-11,40
2013,14,Sunderland,38,10,8,20,41,60,-19,38
2013,15,Aston Villa,38,10,8,20,39,61,-22,38
2013,16,Hull City,38,10,7,21,38,53,-15,37
2013,17,West Bromwich Albion,38,7,15,16,43,59,-16,36
2013,18,Norwich City,38,8,9,21,28,62,-34,33
2013,19,Fulham,38,9,5,24,40,85,-45,32
2013,20,Cardiff City,38,7,9,22,32,74,-42,30
2014,1,Chelsea,38,26,9,3,73,32,41,87
2014,2,Manchester City,38,24,7,7,83,38,45,79
2014,3,Arsenal,38,22,9,7,71,36,35,75
2014,4,Manchester United,38,20,10,8,62,37,25,70
2014,5,Tottenham Hotspur,38,19,7,12,58,53,5,64
2014,6,Liverpool,38,18,8,12,52,48,4,62
2014,7,Southampton,38,18,6,14,54,33,21,60
2014,8,Swansea City,38,16,8,14,46,49,-3,56
2014,9,Stoke City,38,15,9,14,48,45,3,54
2014,10,Crystal Palace,38,13,9,16,47,51,-4,48
2014,11,Everton,38,12,11,15,48,50,-2,47
2014,12,West Ham United,38,12,11,15,44,47,-3,47
2014,13,West Bromwich Albion,38,11,11,16,38,51,-13,44
2014,14,Leicester City,38,11,8,19,46,55,-9,41
2014,15,Newcastle United,38,10,9,19,40,63,-23,39
2014,16,Sunderland,38,7,17,14,31,53,-22,38
2014,17,Aston Villa,38,10,8,20,31,57,-26,38
2014,18,Hull City,38,8,11,19,33,51,-18,35
2014,19,Burnley,38,7,12,19,28,53,-25,33
2014,20,Queens Park Rangers,38,8,6,24,42,73,-31,30
2015,1,Leicester City,38,23,12,3,68,36,32,81
2015,2,Arsenal,38,20,11,7,65,36,29,71
2015,3,Tottenham Hotspur,38,19,13,6,69,35,34,70
2015,4,Manchester City,38,19,9,10,71,41,30,66
2015,5,Manchester United,38,19,9,10,49,35,14,66
2015,6,Southampton,38,18,9,11,59,41,18,63
2015,7,West Ham United,38,16,14,8,65,51,14,62
2015,8,Liverpool,38,16,12,10,63,50,13,60
2015,9,Stoke City,38,14,9,15,41,55,-14,51
2015,10,Chelsea,38,12,14,12,59,53,6,50
2015,11,Everton,38,11,14,13,59,55,4,47
2015,12,Swansea City,38,12,11,15,42,52,-10,47
2015,13,Watford,38,12,9,17,40,50,-10,45
2015,14,West Bromwich Albion,38,10,13,15,34,48,-14,43
2015,15,Crystal Palace,38,11,9,18,39,51,-12,42
2015,16,AFC Bournemouth,38,11,9,18,45,67,-22,42
2015,17,Sunderland,38,9,12,17,48,62,-14,39
2015,18,Newcastle United,38,9,10,19,44,65,-21,37
2015,19,Norwich City,38,9,7,22,39,67,-28,34
2015,20,Aston Villa,38,3,8,27,27,76,-49,17